{
    "header": {
        "seq": 355914,
        "stamp": {
            "secs": 1736390279,
            "nsecs": 190537487
        },
        "frame_id": ""
    },
    "name": [
        "joint0",
        "joint1",
        "joint2",
        "joint3",
        "joint4",
        "joint5",
        ""
    ],
    "position": [
        -0.3583965301513672,
        1.4776458740234375,
        1.2636375427246094,
        0.4434652328491211,
        0.13332557678222656,
        0.01049041748046875,
        -0.0009695689077489078
    ],
    "velocity": [
        -0.010990142822265625,
        -0.010990142822265625,
        -0.010990142822265625,
        -0.03296661376953125,
        0.010990142822265625,
        -0.010990142822265625,
        -0.010990142822265625
    ],
    "effort": [
        -0.2681312561035156,
        -4.057143211364746,
        6.325275421142578,
        3.8549442291259766,
        -0.03956031799316406,
        -0.0659332275390625,
        0.0
    ]
}