{
    "header": {
        "seq": 90415,
        "stamp": {
            "secs": 1736389121,
            "nsecs": 112655783
        },
        "frame_id": ""
    },
    "name": [
        "joint0",
        "joint1",
        "joint2",
        "joint3",
        "joint4",
        "joint5",
        "joint6"
    ],
    "position": [
        -0.3576335906982422,
        1.570725440979004,
        1.3803691864013672,
        0.3587779998779297,
        -0.02155303955078125,
        -0.06427860260009766,
        0.080108642578125
    ],
    "velocity": [
        -0.010990142822265625,
        -0.010990142822265625,
        -0.010990142822265625,
        -0.010990142822265625,
        -0.010990142822265625,
        -0.010990142822265625,
        -0.010990142822265625
    ],
    "effort": [
        -0.013187408447265625,
        -5.753846168518066,
        5.736263275146484,
        3.046154022216797,
        -0.0043964385986328125,
        -0.013187408447265625,
        -0.013187408447265625
    ]
}