{
    "header": {
        "seq": 98592,
        "stamp": {
            "secs": 1736389161,
            "nsecs": 997306020
        },
        "frame_id": ""
    },
    "name": [
        "joint0",
        "joint1",
        "joint2",
        "joint3",
        "joint4",
        "joint5",
        "joint6"
    ],
    "position": [
        -0.4247732162475586,
        1.551651954650879,
        1.3803691864013672,
        0.3534374237060547,
        -0.047875404357910156,
        0.056649208068847656,
        0.084686279296875
    ],
    "velocity": [
        -0.010990142822265625,
        -0.010990142822265625,
        -0.010990142822265625,
        0.010990142822265625,
        -0.010990142822265625,
        0.010990142822265625,
        0.010990142822265625
    ],
    "effort": [
        -0.0043964385986328125,
        -5.595603942871094,
        5.718681335449219,
        3.0285720825195312,
        0.0043964385986328125,
        -0.0043964385986328125,
        -0.013187408447265625
    ]
}