{
    "header": {
        "seq": 104299,
        "stamp": {
            "secs": 1736389190,
            "nsecs": 532323950
        },
        "frame_id": ""
    },
    "name": [
        "joint0",
        "joint1",
        "joint2",
        "joint3",
        "joint4",
        "joint5",
        "joint6"
    ],
    "position": [
        -0.4453725814819336,
        1.5726327896118164,
        1.3803691864013672,
        0.3542003631591797,
        -0.046730995178222656,
        0.10700416564941406,
        0.084686279296875
    ],
    "velocity": [
        -0.010990142822265625,
        -0.03296661376953125,
        -0.010990142822265625,
        -0.010990142822265625,
        -0.010990142822265625,
        -0.010990142822265625,
        -0.010990142822265625
    ],
    "effort": [
        -0.0043964385986328125,
        -5.753846168518066,
        5.736263275146484,
        3.046154022216797,
        0.0043964385986328125,
        -0.013187408447265625,
        -0.0043964385986328125
    ]
}