{
    "header": {
        "seq": 109275,
        "stamp": {
            "secs": 1736389215,
            "nsecs": 412625572
        },
        "frame_id": ""
    },
    "name": [
        "joint0",
        "joint1",
        "joint2",
        "joint3",
        "joint4",
        "joint5",
        "joint6"
    ],
    "position": [
        -0.48199462890625,
        1.5726327896118164,
        1.3803691864013672,
        0.3545818328857422,
        -0.02765655517578125,
        0.16041088104248047,
        0.084686279296875
    ],
    "velocity": [
        -0.010990142822265625,
        -0.010990142822265625,
        -0.010990142822265625,
        -0.010990142822265625,
        -0.03296661376953125,
        -0.010990142822265625,
        -0.010990142822265625
    ],
    "effort": [
        -0.0043964385986328125,
        -5.745055198669434,
        5.736263275146484,
        3.0549449920654297,
        0.0043964385986328125,
        -0.013187408447265625,
        -0.0043964385986328125
    ]
}