{
    "header": {
        "seq": 112325,
        "stamp": {
            "secs": 1736389230,
            "nsecs": 662359581
        },
        "frame_id": ""
    },
    "name": [
        "joint0",
        "joint1",
        "joint2",
        "joint3",
        "joint4",
        "joint5",
        "joint6"
    ],
    "position": [
        -0.49114990234375,
        1.5848398208618164,
        1.3803691864013672,
        0.3496227264404297,
        -0.02689361572265625,
        0.21229076385498047,
        0.084686279296875
    ],
    "velocity": [
        -0.010990142822265625,
        -0.010990142822265625,
        -0.010990142822265625,
        -0.010990142822265625,
        -0.010990142822265625,
        -0.03296661376953125,
        -0.010990142822265625
    ],
    "effort": [
        -0.0043964385986328125,
        -5.859340667724609,
        5.736263275146484,
        3.0637359619140625,
        -0.013187408447265625,
        -0.0043964385986328125,
        -0.0043964385986328125
    ]
}